svg,id,link,title,not_modal
FKIEA_Ecosystem.svg,algal-blooms,modals/algal-blooms.html,Algal blooms,
FKIEA_Ecosystem.svg,beach-closures,modals/beach-closures.html,Beach closures,
FKIEA_Ecosystem.svg,black-grouper,modals/black-grouper.html,Black grouper,
FKIEA_Ecosystem.svg,brain-corals,modals/brain-corals.html,Brain corals,
FKIEA_Ecosystem.svg,calcification,modals/calcification.html,Calcification,
FKIEA_Ecosystem.svg,chlorophyll,modals/chlorophyll.html,Chlorophyll,
FKIEA_Ecosystem.svg,commercial-fishing,modals/commercial-fishing.html,Commercial fishing,
FKIEA_Ecosystem.svg,coral-living-tissue,modals/coral-living-tissue.html,Coral living tissue,
FKIEA_Ecosystem.svg,coral-species-richness,modals/coral-species-richness.html,Coral species richness,
FKIEA_Ecosystem.svg,DIN,modals/DIN.html,DIN,
FKIEA_Ecosystem.svg,DIP,modals/DIP.html,DIP,
FKIEA_Ecosystem.svg,DO,modals/DO.html,DO,
FKIEA_Ecosystem.svg,hogfish,modals/hogfish.html,Hogfish,
FKIEA_Ecosystem.svg,housing-disruption,modals/housing-disruption.html,Housing disruption,
FKIEA_Ecosystem.svg,hurricane-coastal-protections,modals/hurricane-coastal-protections.html,Hurricane coastal protections,
FKIEA_Ecosystem.svg,lionfish,modals/lionfish.html,Lionfish,
FKIEA_Ecosystem.svg,lobster,modals/lobster.html,Lobster,
FKIEA_Ecosystem.svg,macroalgae,modals/macroalgae.html,Macroalgae,
FKIEA_Ecosystem.svg,mangroves,modals/mangroves.html,Mangroves,
FKIEA_Ecosystem.svg,maritime-hermitage,modals/maritime-hermitage.html,Maritime hermitage,
FKIEA_Ecosystem.svg,recreational-fishing,modals/recreational-fishing.html,Recreational fishing,
FKIEA_Ecosystem.svg,red-grouper,modals/red-grouper.html,Red grouper,
FKIEA_Ecosystem.svg,reef-builders,modals/reef-builders.html,Reef builders,
FKIEA_Ecosystem.svg,reef-fish-diversity,modals/reef-fish-diversity.html,Reef fish diversity,
FKIEA_Ecosystem.svg,registered-vessels,modals/registered-vessels.html,Registered vessels,
FKIEA_Ecosystem.svg,resident-population,modals/resident-population.html,Resident population,
FKIEA_Ecosystem.svg,seagrass,modals/seagrass.html,Seagrass,
FKIEA_Ecosystem.svg,sponges-soft-corals,modals/sponges-soft-corals.html,Sponges soft corals,
FKIEA_Ecosystem.svg,sst,modals/sst.html,Sea Surface Temperature (SST),
FKIEA_Ecosystem.svg,stewardship,modals/stewardship.html,Stewardship,
FKIEA_Ecosystem.svg,stonecrab,modals/stonecrab.html,Stonecrab,
FKIEA_Ecosystem.svg,tourism-population,modals/tourism-population.html,Tourism population,
FKIEA_Ecosystem.svg,tourism-value,modals/tourism-value.html,Tourism value,
FKIEA_Ecosystem.svg,wastewater-treatment,modals/wastewater-treatment.html,Wastewater treatment,
FKIEA_Ecosystem.svg,yellowtail,modals/yellowtail.html,Yellowtail,